{
    "MP10_robotito_def.gcode": {
        "analysis": {
            "estimatedPrintTime": 6903.321881809525,
            "printingArea": {
                "maxZ": 24.75,
                "maxX": 217.801,
                "maxY": 210.011,
                "minX": 82.197,
                "minY": 87.069,
                "minZ": 0.3
            },
            "dimensions": {
                "width": 135.60399999999998,
                "depth": 122.942,
                "height": 24.45
            },
            "filament": {
                "tool0": {
                    "volume": 0.0,
                    "length": 6882.415210000061
                }
            }
        }
    },
    "CFFFP_OcotoArm-v3-Final-11mmCase.gcode": {
        "hash": "d641982d9bced9e2a9d4f7c2a647c9a60dbf90c0",
        "analysis": {
            "estimatedPrintTime": 4554.361117255892,
            "printingArea": {
                "maxZ": 39.0,
                "minX": 102.605,
                "maxX": 197.267,
                "maxY": 195.134,
                "minY": 111.529,
                "minZ": 0.3
            },
            "dimensions": {
                "width": 94.66199999999999,
                "depth": 83.60499999999999,
                "height": 38.7
            },
            "filament": {
                "tool0": {
                    "volume": 0.0,
                    "length": 4705.934389999948
                }
            }
        }
    },
    "MP10_ClipOnFan55.gcode": {
        "hash": "d89ce807ee1a69199949845cb94627a6d2a5c4a3",
        "analysis": {
            "estimatedPrintTime": 2083.8081592127214,
            "printingArea": {
                "maxZ": 8.55,
                "minX": 115.52,
                "maxX": 184.48,
                "maxY": 179.144,
                "minY": 120.856,
                "minZ": 0.3
            },
            "dimensions": {
                "width": 68.96,
                "depth": 58.28800000000001,
                "height": 8.25
            },
            "filament": {
                "tool0": {
                    "volume": 0.0,
                    "length": 1863.4443199999998
                }
            }
        }
    },
    "MP10_tensegrity_tetrahedrons_spiral_top.gcode": {
        "analysis": {
            "estimatedPrintTime": 7195.7255191732465,
            "printingArea": {
                "maxZ": 81.6,
                "maxX": 207.7,
                "maxY": 227.048,
                "minX": 42.298,
                "minY": 98.952,
                "minZ": 0.3
            },
            "dimensions": {
                "width": 165.402,
                "depth": 128.096,
                "height": 81.3
            },
            "filament": {
                "tool0": {
                    "volume": 0.0,
                    "length": 5592.315540000398
                }
            }
        }
    },
    "MP10_PCB-Holder_gopro.gcode": {
        "hash": "dc9825ca3ccd7c00164a41295b455498dee99a7a",
        "analysis": {
            "estimatedPrintTime": 10363.57590681268,
            "printingArea": {
                "maxZ": 34.35,
                "maxX": 210.797,
                "maxY": 202.542,
                "minX": 89.203,
                "minY": 96.907,
                "minZ": 0.3
            },
            "dimensions": {
                "width": 121.594,
                "depth": 105.635,
                "height": 34.050000000000004
            },
            "filament": {
                "tool0": {
                    "volume": 0.0,
                    "length": 8920.14422999943
                }
            }
        }
    },
    "Eliptical-Gears-3-2up.gcode": {
        "analysis": {
            "estimatedPrintTime": 3375.5859951340635,
            "printingArea": {
                "maxZ": 6.3,
                "maxX": 202.547,
                "maxY": 184.215,
                "minX": 97.453,
                "minY": 115.785,
                "minZ": 0.3
            },
            "dimensions": {
                "width": 105.094,
                "depth": 68.43,
                "height": 6.0
            },
            "filament": {
                "tool0": {
                    "volume": 0.0,
                    "length": 3409.028720000002
                }
            }
        }
    },
    "MP10_OcotoArm-v3-Final-11mmCase.gcode": {
        "hash": "d641982d9bced9e2a9d4f7c2a647c9a60dbf90c0",
        "analysis": {
            "estimatedPrintTime": 4554.361117255892,
            "printingArea": {
                "maxZ": 39.0,
                "minX": 102.605,
                "maxX": 197.267,
                "maxY": 195.134,
                "minY": 111.529,
                "minZ": 0.3
            },
            "dimensions": {
                "width": 94.66199999999999,
                "depth": 83.60499999999999,
                "height": 38.7
            },
            "filament": {
                "tool0": {
                    "volume": 0.0,
                    "length": 4705.934389999948
                }
            }
        }
    }
}