{
    "M10_iPhone_6_case_in_2_parts.gcode": {
        "hash": "a7cfcff253036667a06d39f69ebf625f0f7fdd3a",
        "analysis": {
            "estimatedPrintTime": 17022.88975554552,
            "printingArea": {
                "maxZ": 10.8,
                "minX": 96.406,
                "maxX": 203.274,
                "maxY": 270.434,
                "minY": 107.563,
                "minZ": 0.3
            },
            "dimensions": {
                "width": 106.868,
                "depth": 162.87100000000004,
                "height": 10.5
            },
            "filament": {
                "tool0": {
                    "volume": 0.0,
                    "length": 9991.095000000052
                }
            }
        }
    },
    "M10_iPhone_6_case_in_2_parts_Fine.gcode": {
        "hash": "9f9c7f693a549b9546737ab91d32107db5af62c3",
        "analysis": {
            "estimatedPrintTime": 17022.88975554552,
            "printingArea": {
                "maxZ": 10.8,
                "minX": 96.406,
                "maxX": 203.274,
                "maxY": 270.434,
                "minY": 107.563,
                "minZ": 0.3
            },
            "dimensions": {
                "width": 106.868,
                "depth": 162.87100000000004,
                "height": 10.5
            },
            "filament": {
                "tool0": {
                    "volume": 0.0,
                    "length": 9991.095000000052
                }
            }
        }
    },
    "Battery_dispenser_Striped_bottom_AAA.gcode": {},
    "WiFi.gcode": {},
    "M10_AAA_Battery_dispenser_extension_base.gcode": {
        "hash": "c8ee03e24d4fdc1d86e4929c22f1efa9d21156bd",
        "analysis": {
            "estimatedPrintTime": 23900.223964746,
            "printingArea": {
                "maxZ": 69.9,
                "minX": 49.7,
                "maxX": 242.88,
                "maxY": 197.382,
                "minY": 104.659,
                "minZ": 0.3
            },
            "dimensions": {
                "width": 193.18,
                "depth": 92.723,
                "height": 69.60000000000001
            },
            "filament": {
                "tool0": {
                    "volume": 0.0,
                    "length": 23719.609269993998
                }
            }
        }
    },
    "m10_Battery_dispenser_4_piece_AAA.gcode": {
        "hash": "7e4080c8dde89dadd067aa4b49df3cb2c5316195",
        "analysis": {
            "estimatedPrintTime": 29065.031463926964,
            "printingArea": {
                "maxZ": 69.9,
                "minX": 49.7,
                "maxX": 242.88,
                "maxY": 251.36,
                "minY": 104.659,
                "minZ": 0.3
            },
            "dimensions": {
                "width": 193.18,
                "depth": 146.70100000000002,
                "height": 69.60000000000001
            },
            "filament": {
                "tool0": {
                    "volume": 0.0,
                    "length": 28931.95564999096
                }
            }
        }
    },
    "Eliptical-Gears-3-2up.gcode": {},
    "MP10_Battery_dispenser_Striped_bottom_AAA.gcode": {
        "hash": "f1033918d5944cecf56ccff94f51cb38f4a03925",
        "analysis": {
            "estimatedPrintTime": 31672.912590853823,
            "printingArea": {
                "maxZ": 79.5,
                "minX": 118.3,
                "maxX": 181.7,
                "maxY": 198.179,
                "minY": 103.721,
                "minZ": 0.3
            },
            "dimensions": {
                "width": 63.39999999999999,
                "depth": 94.458,
                "height": 79.2
            },
            "filament": {
                "tool0": {
                    "volume": 0.0,
                    "length": 18153.196599998835
                }
            }
        }
    }
}